{
	"credit": "Made with Blockbench",
	"textures": {
		"0": "./dolphin_spawn_egg",
		"particle": "./dolphin_spawn_egg"
	},
	"elements": [
		{
			"name": "dolphin_spawn_egg_0",
			"from": [11, 0, 2],
			"to": [13, 1, 12],
			"faces": {
				"north": {"uv": [13, 2, 11, 3], "texture": "#0"},
				"east": {"uv": [12, 2, 13, 12], "rotation": 90, "texture": "#0"},
				"south": {"uv": [11, 11, 13, 12], "texture": "#0"},
				"west": {"uv": [11, 2, 12, 12], "rotation": 270, "texture": "#0"},
				"up": {"uv": [11, 2, 13, 12], "texture": "#0"},
				"down": {"uv": [11, 12, 13, 2], "texture": "#0"}
			}
		},
		{
			"name": "dolphin_spawn_egg_1",
			"from": [10, 0, 5],
			"to": [11, 1, 14],
			"faces": {
				"north": {"uv": [11, 5, 10, 6], "texture": "#0"},
				"east": {"uv": [10, 5, 11, 14], "rotation": 90, "texture": "#0"},
				"south": {"uv": [10, 13, 11, 14], "texture": "#0"},
				"west": {"uv": [10, 5, 11, 14], "rotation": 270, "texture": "#0"},
				"up": {"uv": [10, 5, 11, 14], "texture": "#0"},
				"down": {"uv": [10, 14, 11, 5], "texture": "#0"}
			}
		},
		{
			"name": "dolphin_spawn_egg_2",
			"from": [13, 0, 5],
			"to": [14, 1, 10],
			"faces": {
				"north": {"uv": [14, 5, 13, 6], "texture": "#0"},
				"east": {"uv": [13, 5, 14, 10], "rotation": 90, "texture": "#0"},
				"south": {"uv": [13, 9, 14, 10], "texture": "#0"},
				"west": {"uv": [13, 5, 14, 10], "rotation": 270, "texture": "#0"},
				"up": {"uv": [13, 5, 14, 10], "texture": "#0"},
				"down": {"uv": [13, 10, 14, 5], "texture": "#0"}
			}
		},
		{
			"name": "dolphin_spawn_egg_3",
			"from": [9, 0, 7],
			"to": [10, 1, 14],
			"faces": {
				"north": {"uv": [10, 7, 9, 8], "texture": "#0"},
				"east": {"uv": [9, 7, 10, 14], "rotation": 90, "texture": "#0"},
				"south": {"uv": [9, 13, 10, 14], "texture": "#0"},
				"west": {"uv": [9, 7, 10, 14], "rotation": 270, "texture": "#0"},
				"up": {"uv": [9, 7, 10, 14], "texture": "#0"},
				"down": {"uv": [9, 14, 10, 7], "texture": "#0"}
			}
		},
		{
			"name": "dolphin_spawn_egg_4",
			"from": [8, 0, 9],
			"to": [9, 1, 15],
			"faces": {
				"north": {"uv": [9, 9, 8, 10], "texture": "#0"},
				"east": {"uv": [8, 9, 9, 15], "rotation": 90, "texture": "#0"},
				"south": {"uv": [8, 14, 9, 15], "texture": "#0"},
				"west": {"uv": [8, 9, 9, 15], "rotation": 270, "texture": "#0"},
				"up": {"uv": [8, 9, 9, 15], "texture": "#0"},
				"down": {"uv": [8, 15, 9, 9], "texture": "#0"}
			}
		},
		{
			"name": "dolphin_spawn_egg_5",
			"from": [6, 0, 10],
			"to": [8, 1, 15],
			"faces": {
				"north": {"uv": [8, 10, 6, 11], "texture": "#0"},
				"east": {"uv": [7, 10, 8, 15], "rotation": 90, "texture": "#0"},
				"south": {"uv": [6, 14, 8, 15], "texture": "#0"},
				"west": {"uv": [6, 10, 7, 15], "rotation": 270, "texture": "#0"},
				"up": {"uv": [6, 10, 8, 15], "texture": "#0"},
				"down": {"uv": [6, 15, 8, 10], "texture": "#0"}
			}
		},
		{
			"name": "dolphin_spawn_egg_6",
			"from": [4, 0, 11],
			"to": [6, 1, 15],
			"faces": {
				"north": {"uv": [6, 11, 4, 12], "texture": "#0"},
				"east": {"uv": [5, 11, 6, 15], "rotation": 90, "texture": "#0"},
				"south": {"uv": [4, 14, 6, 15], "texture": "#0"},
				"west": {"uv": [4, 11, 5, 15], "rotation": 270, "texture": "#0"},
				"up": {"uv": [4, 11, 6, 15], "texture": "#0"},
				"down": {"uv": [4, 15, 6, 11], "texture": "#0"}
			}
		},
		{
			"name": "dolphin_spawn_egg_7",
			"from": [2, 0, 12],
			"to": [4, 1, 14],
			"faces": {
				"north": {"uv": [4, 12, 2, 13], "texture": "#0"},
				"east": {"uv": [3, 12, 4, 14], "rotation": 90, "texture": "#0"},
				"south": {"uv": [2, 13, 4, 14], "texture": "#0"},
				"west": {"uv": [2, 12, 3, 14], "rotation": 270, "texture": "#0"},
				"up": {"uv": [2, 12, 4, 14], "texture": "#0"},
				"down": {"uv": [2, 14, 4, 12], "texture": "#0"}
			}
		},
		{
			"name": "dolphin_spawn_egg_8",
			"from": [11, 0, 12],
			"to": [12, 1, 13],
			"faces": {
				"north": {"uv": [12, 12, 11, 13], "texture": "#0"},
				"east": {"uv": [11, 12, 12, 13], "rotation": 90, "texture": "#0"},
				"south": {"uv": [11, 12, 12, 13], "texture": "#0"},
				"west": {"uv": [11, 12, 12, 13], "rotation": 270, "texture": "#0"},
				"up": {"uv": [11, 12, 12, 13], "texture": "#0"},
				"down": {"uv": [11, 13, 12, 12], "texture": "#0"}
			}
		},
		{
			"name": "dolphin_spawn_egg_9",
			"from": [3, 0, 14],
			"to": [4, 1, 15],
			"faces": {
				"north": {"uv": [4, 14, 3, 15], "texture": "#0"},
				"east": {"uv": [3, 14, 4, 15], "rotation": 90, "texture": "#0"},
				"south": {"uv": [3, 14, 4, 15], "texture": "#0"},
				"west": {"uv": [3, 14, 4, 15], "rotation": 270, "texture": "#0"},
				"up": {"uv": [3, 14, 4, 15], "texture": "#0"},
				"down": {"uv": [3, 15, 4, 14], "texture": "#0"}
			}
		}
	],
	"gui_light": "front",
	"display": {
		"thirdperson_righthand": {
			"rotation": [89, 0, 0],
			"translation": [0, 3, 5.75],
			"scale": [0.55, 0.55, 0.55]
		},
		"thirdperson_lefthand": {
			"rotation": [89, 0, 0],
			"translation": [0, 3, 5.75],
			"scale": [0.55, 0.55, 0.55]
		},
		"firstperson_righthand": {
			"rotation": [76, 7, 69],
			"translation": [-0.75, 1.5, 0],
			"scale": [0.75, 0.75, 0.75]
		},
		"firstperson_lefthand": {
			"rotation": [76, 7, 69],
			"translation": [-0.75, 1.5, 0],
			"scale": [0.75, 0.75, 0.75]
		},
		"ground": {
			"rotation": [90, 0, 0],
			"translation": [0, 0, 5],
			"scale": [0.61, 0.61, 0.61]
		},
		"gui": {
			"rotation": [90, 0, 0]
		},
		"fixed": {
			"rotation": [0, -50, 0],
			"translation": [2.5, 29.5, -22.25],
			"scale": [4, 4, 4]
		}
	},
	"groups": [
		{
			"name": "dolphin_spawn_egg",
			"origin": [8, 8, 8],
			"color": 0,
			"children": [0, 1, 2, 3, 4, 5, 6, 7, 8, 9]
		}
	]
}